user_id;travel_id_party;depart_ID;first_name;last_name;email;credit_card_info;user_phone
92;1287;3375;Shoshana;McCalum;smccalum0@nhs.uk;4.93666E+15;240-537-4069
79;1572;2186;Ced;Hendonson;chendonson1@jimdo.com;5.60225E+15;445-675-1865
150;1201;2167;Katha;Lamball;klamball2@vinaora.com;3.48197E+14;705-613-2774
32;1439;2399;Darlene;Pape;dpape3@newsvine.com;3.53331E+15;188-779-4311
49;1647;2561;Lila;Greedyer;lgreedyer4@so-net.ne.jp;4.2489E+15;191-184-2401
143;1514;1597;Pauli;Ivankovic;pivankovic5@alibaba.com;3.56203E+15;300-362-5938
141;1325;2416;Micaela;Plinck;mplinck6@toplist.cz;3.57337E+15;615-707-2562
82;1379;1528;Ebenezer;Briars;ebriars7@smugmug.com;4.90506E+17;851-211-0544
104;1199;1028;Martina;Kenward;mkenward8@weibo.com;3.58015E+15;771-589-8148
52;1716;3383;Sonya;Cocke;scocke9@xing.com;3.56954E+15;807-115-6856
